step	shop_id	action	used_axtree_object	url	reward	cumulative_reward	thought	experiment_id	task_id
0	start page	goto('https://webmall-1.informatik.uni-mannheim.de')	none	https://webmall-0.informatik.uni-mannheim.de/	0	0.0	We need to find offers for "GameMax Iceburg 360mm ARGB Liquid CPU Cooler" on the four specified shops, add them to cart, and then submit the product URLs on the solution page. Start with E-Store Athletes (webmall-1).	2025-10-16_11-33-35_GenericAgent-gpt-5-2025-08-07_on_webmall	Webmall_Add_To_Cart_Task1_8
1	shop1	fill('223', 'GameMax Iceburg 360mm ARGB Liquid CPU Cooler')	searchbox: Search for:	https://webmall-1.informatik.uni-mannheim.de/	0	0.0	I will use the visible search box on E-Store Athletes to look for the product by entering the full name.	2025-10-16_11-33-35_GenericAgent-gpt-5-2025-08-07_on_webmall	Webmall_Add_To_Cart_Task1_8
2	shop1	click('224')	button: Search	https://webmall-1.informatik.uni-mannheim.de/	0	0.0	The search field on E-Store Athletes already contains the product name. I should trigger the search by clicking the Search button to see if the product exists on this shop.	2025-10-16_11-33-35_GenericAgent-gpt-5-2025-08-07_on_webmall	Webmall_Add_To_Cart_Task1_8
3	shop1	goto('https://webmall-2.informatik.uni-mannheim.de')	none	https://webmall-1.informatik.uni-mannheim.de/?s=GameMax+Iceburg+360mm+ARGB+Liquid+CPU+Cooler&post_type=product	0	0.0	The current page on E-Store Athletes shows no products found for the query. I will proceed to the next shop (TechTalk at webmall-2) to search for the product there.	2025-10-16_11-33-35_GenericAgent-gpt-5-2025-08-07_on_webmall	Webmall_Add_To_Cart_Task1_8
4	shop2	fill('234', 'GameMax Iceburg 360mm ARGB Liquid CPU Cooler')	textbox: Search products...	https://webmall-2.informatik.uni-mannheim.de/	0	0.0	I am on TechTalk (webmall-2) with a visible search box [234]. I will search for "GameMax Iceburg 360mm ARGB Liquid CPU Cooler" here to find the offer.	2025-10-16_11-33-35_GenericAgent-gpt-5-2025-08-07_on_webmall	Webmall_Add_To_Cart_Task1_8
5	shop2	click('282')	button: 	https://webmall-2.informatik.uni-mannheim.de/	0	0.0	I am on TechTalk (webmall-2) with the search box filled. I will click the search button [282] to see search results for the product.	2025-10-16_11-33-35_GenericAgent-gpt-5-2025-08-07_on_webmall	Webmall_Add_To_Cart_Task1_8
6	shop2	click('326')	link: GameMax Iceburg 360mm ARGB Liquid CPU Cooler, 12cm ARGB PWM Fans, Infinity Mirror RGB Rotatable Pump Head GameMax Iceburg 360mm ARGB Liquid CPU Cooler, 12cm ARGB PWM Fans, Infinity Mirror RGB Rotatable Pump Head €65.00	https://webmall-2.informatik.uni-mannheim.de/?post_type=product&s=GameMax+Iceburg+360mm+ARGB+Liquid+CPU+Cooler&product_cat=	0.1	0.1	We found the product on TechTalk with a single result and want to capture its exact product URL and add it to the cart. Clicking the product link should take us to the product page where we can add to cart and note the URL.	2025-10-16_11-33-35_GenericAgent-gpt-5-2025-08-07_on_webmall	Webmall_Add_To_Cart_Task1_8
7	shop2	click('344')	button: Add to cart	https://webmall-2.informatik.uni-mannheim.de/product/gamemax-iceburg-360mm-argb-liquid-cpu-cooler-12cm-argb-pwm-fans-infinity-mirror-rgb-rotatable-pump-head/	0	0.1	We are on the TechTalk product page for the GameMax Iceburg 360mm ARGB Liquid CPU Cooler. The Add to cart button is visible with bid [344]. I will add this item to the cart to satisfy the requirement for this shop, then proceed to search other shops afterward.	2025-10-16_11-33-35_GenericAgent-gpt-5-2025-08-07_on_webmall	Webmall_Add_To_Cart_Task1_8
8	shop2	goto('https://webmall-3.informatik.uni-mannheim.de')	none	https://webmall-2.informatik.uni-mannheim.de/cart/	0	0.1	The TechTalk cart already contains the GameMax Iceburg 360mm ARGB Liquid CPU Cooler at €65.00, so that shop is done. Next, I should search CamelCases (webmall-3) for the same product and, if found, add it to that cart.	2025-10-16_11-33-35_GenericAgent-gpt-5-2025-08-07_on_webmall	Webmall_Add_To_Cart_Task1_8
9	shop3	fill('82', 'GameMax Iceburg 360mm ARGB Liquid CPU Cooler')	textbox: Search products...	https://webmall-3.informatik.uni-mannheim.de/	0	0.1	We are on CamelCases (webmall-3) shop page with a search field [82] and search button [125]. We need to search for "GameMax Iceburg 360mm ARGB Liquid CPU Cooler" here to find the offer and add it to the cart if found.	2025-10-16_11-33-35_GenericAgent-gpt-5-2025-08-07_on_webmall	Webmall_Add_To_Cart_Task1_8
10	shop3	click('125')	button: 	https://webmall-3.informatik.uni-mannheim.de/	0.1	0.2	I’m on CamelCases (webmall-3) with the search term already filled in the search textbox [82]. I should click the search button [125] to execute the search and see if the product is available here so I can add it to the cart.	2025-10-16_11-33-35_GenericAgent-gpt-5-2025-08-07_on_webmall	Webmall_Add_To_Cart_Task1_8
11	shop3	click('195')	button: Add to cart	https://webmall-3.informatik.uni-mannheim.de/product/gamemax-iceburg-360mm-argb-liquid-cpu-cooler-12cm-argb-pwm-fans-infinity-mirror-rgb-rotatable-pump-head/	0.4	0.6000000000000001	We are on the CamelCases product page for the GameMax Iceburg 360mm ARGB Liquid CPU Cooler with a visible "Add to cart" button [195]. To fulfill the task for this shop, I should add it to the cart here before proceeding to check the remaining shop (Hardware Cafe, webmall-4).	2025-10-16_11-33-35_GenericAgent-gpt-5-2025-08-07_on_webmall	Webmall_Add_To_Cart_Task1_8
12	shop3	goto('https://webmall-4.informatik.uni-mannheim.de')	none	https://webmall-3.informatik.uni-mannheim.de/product/gamemax-iceburg-360mm-argb-liquid-cpu-cooler-12cm-argb-pwm-fans-infinity-mirror-rgb-rotatable-pump-head/	0	0.6000000000000001	The current CamelCases page shows an alert confirming the GameMax Iceburg 360mm ARGB Liquid CPU Cooler has been added to the cart. I have already added the item to the TechTalk cart as well. I still need to search Hardware Cafe (webmall-4) for the product and add to cart if found. After that, I will revisit E-Store Athletes (webmall-1) with a refined search if necessary. Then I will submit the URLs on the solution page.	2025-10-16_11-33-35_GenericAgent-gpt-5-2025-08-07_on_webmall	Webmall_Add_To_Cart_Task1_8
13	shop4	fill('111', 'GameMax Iceburg 360mm ARGB Liquid CPU Cooler')	searchbox: Search	https://webmall-4.informatik.uni-mannheim.de/	0	0.6000000000000001	We are on Hardware Cafe (webmall-4). I should use the search field [111] to look for "GameMax Iceburg 360mm ARGB Liquid CPU Cooler" and then click the search button [113].	2025-10-16_11-33-35_GenericAgent-gpt-5-2025-08-07_on_webmall	Webmall_Add_To_Cart_Task1_8
14	shop4	click('113')	button: Search Now	https://webmall-4.informatik.uni-mannheim.de/	0	0.6000000000000001	I'm on Hardware Cafe (webmall-4) with the search box filled for "GameMax Iceburg 360mm ARGB Liquid CPU Cooler". Next I should click the Search Now button to see results.	2025-10-16_11-33-35_GenericAgent-gpt-5-2025-08-07_on_webmall	Webmall_Add_To_Cart_Task1_8
15	shop4	fill('362', 'GameMax Iceburg 360')	searchbox: Search	https://webmall-4.informatik.uni-mannheim.de/?s=GameMax+Iceburg+360mm+ARGB+Liquid+CPU+Cooler&post_type=product	0	0.6000000000000001	Hardware Cafe search with full phrase returned no results. I'll try a shorter query on the on-page search box to see if the product exists under a slightly different title.	2025-10-16_11-33-35_GenericAgent-gpt-5-2025-08-07_on_webmall	Webmall_Add_To_Cart_Task1_8
16	shop4	click('364')	button: Search	https://webmall-4.informatik.uni-mannheim.de/?s=GameMax+Iceburg+360mm+ARGB+Liquid+CPU+Cooler&post_type=product	0	0.6000000000000001	Hardware Cafe returned no products with the full query. I narrowed the query to "GameMax Iceburg 360" in the on-page search field [362]. I should now click the Search button [364] to run the search with the shorter query and see if the item exists under a different title.	2025-10-16_11-33-35_GenericAgent-gpt-5-2025-08-07_on_webmall	Webmall_Add_To_Cart_Task1_8
17	shop4	goto('https://webmall-1.informatik.uni-mannheim.de')	none	https://webmall-4.informatik.uni-mannheim.de/?s=GameMax+Iceburg+360&post_type=product	0	0.6000000000000001	Hardware Cafe shows no results for "GameMax Iceburg 360". I have already added the item to carts on TechTalk and CamelCases. I should now re-check E-Store Athletes (webmall-1) with a shorter query like "GameMax Iceburg 360" to see if it exists there under a slightly different name.	2025-10-16_11-33-35_GenericAgent-gpt-5-2025-08-07_on_webmall	Webmall_Add_To_Cart_Task1_8
18	shop1	fill('223', 'Iceburg 360')	searchbox: Search for:	https://webmall-1.informatik.uni-mannheim.de/	0	0.6000000000000001	We’re back on E-Store Athletes. I will try a shorter query to see if the product exists under a slightly different title. I’ll enter "Iceburg 360" into the search box [223] and then click Search next step.	2025-10-16_11-33-35_GenericAgent-gpt-5-2025-08-07_on_webmall	Webmall_Add_To_Cart_Task1_8
19	shop1	click('224')	button: Search	https://webmall-1.informatik.uni-mannheim.de/	0	0.6000000000000001	I'm on E-Store Athletes with the search field filled with "Iceburg 360". I should trigger the search by clicking the Search button [224] to see if the product is available here.	2025-10-16_11-33-35_GenericAgent-gpt-5-2025-08-07_on_webmall	Webmall_Add_To_Cart_Task1_8
20	shop1	fill('189', 'Iceberg 360')	searchbox: Search for:	https://webmall-1.informatik.uni-mannheim.de/?s=Iceburg+360&post_type=product	0	0.6000000000000001	E-Store Athletes shows no products for “Iceburg 360”. I want to try an alternative spelling “Iceberg 360” in the search box on this page. The visible search box is [189] and search button is [190].	2025-10-16_11-33-35_GenericAgent-gpt-5-2025-08-07_on_webmall	Webmall_Add_To_Cart_Task1_8
21	shop1	click('190')	button: Search	https://webmall-1.informatik.uni-mannheim.de/?s=Iceburg+360&post_type=product	0	0.6000000000000001	I just updated the E-Store Athletes search field [189] to "Iceberg 360". The next step is to run the search using the Search button [190] to see if this alternate spelling yields results.	2025-10-16_11-33-35_GenericAgent-gpt-5-2025-08-07_on_webmall	Webmall_Add_To_Cart_Task1_8
22	shop1	goto('https://webmall-4.informatik.uni-mannheim.de')	none	https://webmall-1.informatik.uni-mannheim.de/?s=Iceberg+360&post_type=product	0	0.6000000000000001	The click on the E-Store Athletes search button timed out, but the page already shows search results for “Iceberg 360” with no products found. I should now try the alternate spelling “Iceberg 360” on Hardware Cafe (webmall-4) to ensure there isn’t an offer there. If none, proceed to submit the URLs of the offers found on TechTalk and CamelCases.	2025-10-16_11-33-35_GenericAgent-gpt-5-2025-08-07_on_webmall	Webmall_Add_To_Cart_Task1_8
23	shop4	fill('111', 'Iceberg 360')	searchbox: Search	https://webmall-4.informatik.uni-mannheim.de/	0	0.6000000000000001	I'm on Hardware Cafe with the search box [111] available. I plan to try the alternate spelling "Iceberg 360" to see if there are any results. Next, I will click the "Search Now" button [113].	2025-10-16_11-33-35_GenericAgent-gpt-5-2025-08-07_on_webmall	Webmall_Add_To_Cart_Task1_8
24	shop4	click('113')	button: Search Now	https://webmall-4.informatik.uni-mannheim.de/	0	0.6000000000000001	I have entered the alternate spelling "Iceberg 360" into the Hardware Cafe search box [111]. The next logical step is to click the "Search Now" button [113] to execute the search and check for any matching offers.	2025-10-16_11-33-35_GenericAgent-gpt-5-2025-08-07_on_webmall	Webmall_Add_To_Cart_Task1_8
25	shop4	goto('https://webmall-0.informatik.uni-mannheim.de')	none	https://webmall-4.informatik.uni-mannheim.de/?s=Iceberg+360&post_type=product	0	0.6000000000000001	Hardware Cafe search for “Iceberg 360” shows no results. I have already found and added the product to carts on TechTalk and CamelCases. Next, I should go to the solution page to submit the URLs of the found offers.	2025-10-16_11-33-35_GenericAgent-gpt-5-2025-08-07_on_webmall	Webmall_Add_To_Cart_Task1_8
26	start page	fill('11', 'https://webmall-2.informatik.uni-mannheim.de/product/gamemax-iceburg-360mm-argb-liquid-cpu-cooler-12cm-argb-pwm-fans-infinity-mirror-rgb-rotatable-pump-head/###https://webmall-3.informatik.uni-mannheim.de/product/gamemax-iceburg-360mm-argb-liquid-cpu-cooler-12cm-argb-pwm-fans-infinity-mirror-rgb-rotatable-pump-head/')	textbox: Type your final answer here...	https://webmall-0.informatik.uni-mannheim.de/	0	0.6000000000000001	We have found offers on TechTalk (webmall-2) and CamelCases (webmall-3), added the product to their carts, and verified no results on E-Store Athletes (webmall-1) or Hardware Cafe (webmall-4) after multiple queries including alternate spelling. Now I need to submit the two product URLs on the solution page, separated by ###. I will fill the textbox with the two URLs.	2025-10-16_11-33-35_GenericAgent-gpt-5-2025-08-07_on_webmall	Webmall_Add_To_Cart_Task1_8
27	start page	click('12')	button: Submit Final Result	https://webmall-0.informatik.uni-mannheim.de/	0	0.6000000000000001	The solution page text box already contains the two found offer URLs separated by ###. The next step is to submit the final result by clicking the "Submit Final Result" button.	2025-10-16_11-33-35_GenericAgent-gpt-5-2025-08-07_on_webmall	Webmall_Add_To_Cart_Task1_8
28	start page	None	none	https://webmall-0.informatik.uni-mannheim.de/	None	None		2025-10-16_11-33-35_GenericAgent-gpt-5-2025-08-07_on_webmall	Webmall_Add_To_Cart_Task1_8
